checkin_id,pilgrim_id,accommodation_id,checkin_date,checkout_date
C00001,P0255,A001,2026-05-01,2026-05-03
C00002,P0086,A001,2026-05-01,2026-05-03
C00003,P0376,A001,2026-05-01,2026-05-03
C00004,P0140,A001,2026-05-01,2026-05-02
C00005,P0262,A001,2026-05-02,2026-05-03
C00006,P0189,A001,2026-05-02,2026-05-03
C00007,P0117,A001,2026-05-02,2026-05-03
C00008,P0126,A001,2026-05-02,2026-05-03
C00009,P0366,A001,2026-05-02,2026-05-04
C00010,P0469,A001,2026-05-03,2026-05-04
C00011,P0293,A001,2026-05-03,2026-05-04
C00012,P0444,A001,2026-05-03,2026-05-05
C00013,P0005,A001,2026-05-03,2026-05-05
C00014,P0125,A001,2026-05-04,2026-05-06
C00015,P0390,A001,2026-05-04,2026-05-06
C00016,P0013,A001,2026-05-04,2026-05-05
C00017,P0487,A001,2026-05-04,2026-05-06
C00018,P0373,A001,2026-05-05,2026-05-06
C00019,P0073,A001,2026-05-05,2026-05-06
C00020,P0460,A001,2026-05-05,2026-05-07
C00021,P0383,A001,2026-05-06,2026-05-07
C00022,P0327,A001,2026-05-06,2026-05-07
C00023,P0223,A001,2026-05-06,2026-05-08
C00024,P0168,A001,2026-05-07,2026-05-08
C00025,P0484,A001,2026-05-07,2026-05-08
C00026,P0085,A001,2026-05-08,2026-05-09
C00027,P0275,A001,2026-05-08,2026-05-10
C00028,P0136,A001,2026-05-08,2026-05-10
C00029,P0424,A001,2026-05-08,2026-05-09
C00030,P0168,A001,2026-05-09,2026-05-11
C00031,P0203,A001,2026-05-09,2026-05-11
C00032,P0438,A001,2026-05-09,2026-05-10
C00033,P0007,A001,2026-05-10,2026-05-12
C00034,P0044,A001,2026-05-10,2026-05-11
C00035,P0026,A001,2026-05-11,2026-05-13
C00036,P0255,A001,2026-05-11,2026-05-12
C00037,P0182,A001,2026-05-11,2026-05-13
C00038,P0453,A001,2026-05-11,2026-05-12
C00039,P0256,A001,2026-05-12,2026-05-13
C00040,P0144,A001,2026-05-12,2026-05-13
C00041,P0401,A001,2026-05-12,2026-05-14
C00042,P0290,A001,2026-05-13,2026-05-14
C00043,P0014,A001,2026-05-13,2026-05-15
C00044,P0030,A001,2026-05-13,2026-05-14
C00045,P0052,A001,2026-05-14,2026-05-15
C00046,P0433,A001,2026-05-14,2026-05-16
C00047,P0413,A001,2026-05-14,2026-05-15
C00048,P0181,A001,2026-05-15,2026-05-16
C00049,P0429,A001,2026-05-15,2026-05-17
C00050,P0020,A001,2026-05-15,2026-05-16
C00051,P0011,A001,2026-05-15,2026-05-16
C00052,P0433,A002,2026-05-01,2026-05-02
C00053,P0492,A002,2026-05-01,2026-05-03
C00054,P0301,A002,2026-05-01,2026-05-02
C00055,P0406,A002,2026-05-01,2026-05-02
C00056,P0288,A002,2026-05-02,2026-05-03
C00057,P0341,A002,2026-05-02,2026-05-04
C00058,P0066,A002,2026-05-02,2026-05-04
C00059,P0436,A002,2026-05-02,2026-05-04
C00060,P0472,A002,2026-05-02,2026-05-03
C00061,P0480,A002,2026-05-02,2026-05-03
C00062,P0122,A002,2026-05-02,2026-05-03
C00063,P0421,A002,2026-05-02,2026-05-04
C00064,P0136,A002,2026-05-03,2026-05-05
C00065,P0132,A002,2026-05-03,2026-05-05
C00066,P0180,A002,2026-05-03,2026-05-05
C00067,P0404,A002,2026-05-03,2026-05-04
C00068,P0084,A002,2026-05-03,2026-05-04
C00069,P0151,A002,2026-05-03,2026-05-04
C00070,P0083,A002,2026-05-04,2026-05-05
C00071,P0085,A002,2026-05-04,2026-05-05
C00072,P0170,A002,2026-05-04,2026-05-06
C00073,P0339,A002,2026-05-04,2026-05-05
C00074,P0185,A002,2026-05-05,2026-05-07
C00075,P0103,A002,2026-05-05,2026-05-07
C00076,P0042,A002,2026-05-05,2026-05-07
C00077,P0242,A002,2026-05-05,2026-05-07
C00078,P0095,A002,2026-05-05,2026-05-07
C00079,P0023,A002,2026-05-05,2026-05-06
C00080,P0429,A002,2026-05-05,2026-05-06
C00081,P0388,A002,2026-05-06,2026-05-08
C00082,P0244,A002,2026-05-06,2026-05-07
C00083,P0414,A002,2026-05-07,2026-05-08
C00084,P0322,A002,2026-05-07,2026-05-08
C00085,P0045,A002,2026-05-07,2026-05-09
C00086,P0267,A002,2026-05-08,2026-05-10
C00087,P0058,A002,2026-05-08,2026-05-09
C00088,P0474,A002,2026-05-08,2026-05-10
C00089,P0136,A002,2026-05-08,2026-05-10
C00090,P0020,A002,2026-05-08,2026-05-10
C00091,P0020,A002,2026-05-08,2026-05-09
C00092,P0472,A002,2026-05-09,2026-05-11
C00093,P0351,A002,2026-05-09,2026-05-11
C00094,P0397,A002,2026-05-09,2026-05-10
C00095,P0209,A002,2026-05-09,2026-05-11
C00096,P0421,A002,2026-05-09,2026-05-10
C00097,P0160,A002,2026-05-09,2026-05-10
C00098,P0234,A002,2026-05-10,2026-05-12
C00099,P0189,A002,2026-05-10,2026-05-11
C00100,P0349,A002,2026-05-10,2026-05-12
C00101,P0091,A002,2026-05-10,2026-05-12
C00102,P0047,A002,2026-05-10,2026-05-11
C00103,P0332,A002,2026-05-10,2026-05-12
C00104,P0443,A002,2026-05-11,2026-05-12
C00105,P0157,A002,2026-05-11,2026-05-13
C00106,P0459,A002,2026-05-11,2026-05-12
C00107,P0239,A002,2026-05-11,2026-05-13
C00108,P0300,A002,2026-05-11,2026-05-13
C00109,P0305,A002,2026-05-12,2026-05-13
C00110,P0328,A002,2026-05-12,2026-05-14
C00111,P0097,A002,2026-05-12,2026-05-13
C00112,P0413,A002,2026-05-12,2026-05-13
C00113,P0370,A002,2026-05-12,2026-05-14
C00114,P0215,A002,2026-05-13,2026-05-14
C00115,P0176,A002,2026-05-13,2026-05-15
C00116,P0465,A002,2026-05-13,2026-05-14
C00117,P0431,A002,2026-05-13,2026-05-14
C00118,P0242,A002,2026-05-13,2026-05-14
C00119,P0485,A002,2026-05-13,2026-05-14
C00120,P0382,A002,2026-05-14,2026-05-16
C00121,P0191,A002,2026-05-14,2026-05-15
C00122,P0241,A002,2026-05-14,2026-05-15
C00123,P0242,A002,2026-05-14,2026-05-16
C00124,P0272,A002,2026-05-14,2026-05-15
C00125,P0071,A002,2026-05-14,2026-05-16
C00126,P0074,A002,2026-05-14,2026-05-15
C00127,P0324,A002,2026-05-15,2026-05-16
C00128,P0232,A002,2026-05-15,2026-05-16
C00129,P0296,A002,2026-05-15,2026-05-16
C00130,P0067,A002,2026-05-15,2026-05-17
C00131,P0220,A002,2026-05-15,2026-05-16
C00132,P0388,A002,2026-05-15,2026-05-16
C00133,P0160,A003,2026-05-01,2026-05-03
C00134,P0086,A003,2026-05-01,2026-05-03
C00135,P0234,A003,2026-05-01,2026-05-03
C00136,P0251,A003,2026-05-02,2026-05-04
C00137,P0010,A003,2026-05-02,2026-05-03
C00138,P0109,A003,2026-05-02,2026-05-03
C00139,P0064,A003,2026-05-02,2026-05-03
C00140,P0328,A003,2026-05-03,2026-05-04
C00141,P0025,A003,2026-05-03,2026-05-05
C00142,P0064,A003,2026-05-03,2026-05-04
C00143,P0352,A003,2026-05-04,2026-05-05
C00144,P0340,A003,2026-05-04,2026-05-05
C00145,P0215,A003,2026-05-04,2026-05-05
C00146,P0145,A003,2026-05-04,2026-05-05
C00147,P0210,A003,2026-05-05,2026-05-07
C00148,P0170,A003,2026-05-05,2026-05-06
C00149,P0465,A003,2026-05-05,2026-05-06
C00150,P0400,A003,2026-05-06,2026-05-07
C00151,P0464,A003,2026-05-06,2026-05-08
C00152,P0136,A003,2026-05-06,2026-05-07
C00153,P0448,A003,2026-05-06,2026-05-08
C00154,P0060,A003,2026-05-07,2026-05-08
C00155,P0340,A003,2026-05-07,2026-05-09
C00156,P0086,A003,2026-05-08,2026-05-09
C00157,P0483,A003,2026-05-08,2026-05-10
C00158,P0348,A003,2026-05-09,2026-05-11
C00159,P0058,A003,2026-05-09,2026-05-11
C00160,P0336,A003,2026-05-09,2026-05-10
C00161,P0343,A003,2026-05-10,2026-05-11
C00162,P0222,A003,2026-05-10,2026-05-12
C00163,P0286,A003,2026-05-11,2026-05-12
C00164,P0124,A003,2026-05-12,2026-05-13
C00165,P0282,A003,2026-05-12,2026-05-13
C00166,P0230,A003,2026-05-12,2026-05-13
C00167,P0382,A003,2026-05-13,2026-05-15
C00168,P0019,A003,2026-05-13,2026-05-14
C00169,P0406,A003,2026-05-13,2026-05-14
C00170,P0028,A003,2026-05-14,2026-05-16
C00171,P0367,A003,2026-05-14,2026-05-15
C00172,P0050,A003,2026-05-14,2026-05-16
C00173,P0425,A003,2026-05-14,2026-05-16
C00174,P0421,A003,2026-05-15,2026-05-16
C00175,P0131,A003,2026-05-15,2026-05-17
C00176,P0111,A003,2026-05-15,2026-05-16
C00177,P0429,A003,2026-05-15,2026-05-17
C00178,P0003,A004,2026-05-01,2026-05-03
C00179,P0400,A004,2026-05-01,2026-05-02
C00180,P0469,A004,2026-05-02,2026-05-04
C00181,P0071,A004,2026-05-02,2026-05-04
C00182,P0281,A004,2026-05-03,2026-05-04
C00183,P0103,A004,2026-05-03,2026-05-05
C00184,P0333,A004,2026-05-03,2026-05-05
C00185,P0364,A004,2026-05-03,2026-05-05
C00186,P0346,A004,2026-05-03,2026-05-05
C00187,P0268,A004,2026-05-04,2026-05-05
C00188,P0344,A004,2026-05-04,2026-05-05
C00189,P0147,A004,2026-05-04,2026-05-05
C00190,P0354,A004,2026-05-04,2026-05-05
C00191,P0379,A004,2026-05-05,2026-05-07
C00192,P0122,A004,2026-05-05,2026-05-06
C00193,P0475,A004,2026-05-05,2026-05-07
C00194,P0028,A004,2026-05-06,2026-05-08
C00195,P0425,A004,2026-05-06,2026-05-08
C00196,P0387,A004,2026-05-06,2026-05-07
C00197,P0494,A004,2026-05-07,2026-05-08
C00198,P0096,A004,2026-05-07,2026-05-09
C00199,P0021,A004,2026-05-07,2026-05-08
C00200,P0434,A004,2026-05-08,2026-05-09
C00201,P0021,A004,2026-05-08,2026-05-10
C00202,P0252,A004,2026-05-08,2026-05-10
C00203,P0490,A004,2026-05-09,2026-05-10
C00204,P0213,A004,2026-05-09,2026-05-11
C00205,P0114,A004,2026-05-09,2026-05-11
C00206,P0151,A004,2026-05-09,2026-05-10
C00207,P0196,A004,2026-05-10,2026-05-12
C00208,P0264,A004,2026-05-11,2026-05-13
C00209,P0460,A004,2026-05-11,2026-05-12
C00210,P0086,A004,2026-05-12,2026-05-13
C00211,P0108,A004,2026-05-12,2026-05-14
C00212,P0428,A004,2026-05-12,2026-05-14
C00213,P0332,A004,2026-05-12,2026-05-13
C00214,P0170,A004,2026-05-13,2026-05-14
C00215,P0407,A004,2026-05-13,2026-05-14
C00216,P0467,A004,2026-05-13,2026-05-15
C00217,P0009,A004,2026-05-14,2026-05-15
C00218,P0329,A004,2026-05-14,2026-05-15
C00219,P0055,A004,2026-05-14,2026-05-15
C00220,P0475,A004,2026-05-15,2026-05-16
C00221,P0243,A004,2026-05-15,2026-05-17
C00222,P0444,A005,2026-05-02,2026-05-03
C00223,P0284,A005,2026-05-02,2026-05-03
C00224,P0294,A005,2026-05-02,2026-05-03
C00225,P0384,A005,2026-05-03,2026-05-05
C00226,P0464,A005,2026-05-03,2026-05-04
C00227,P0428,A005,2026-05-04,2026-05-05
C00228,P0436,A005,2026-05-04,2026-05-05
C00229,P0149,A005,2026-05-04,2026-05-05
C00230,P0250,A005,2026-05-05,2026-05-06
C00231,P0052,A005,2026-05-05,2026-05-06
C00232,P0163,A005,2026-05-05,2026-05-07
C00233,P0356,A005,2026-05-05,2026-05-07
C00234,P0491,A005,2026-05-06,2026-05-07
C00235,P0403,A005,2026-05-06,2026-05-08
C00236,P0185,A005,2026-05-07,2026-05-09
C00237,P0184,A005,2026-05-08,2026-05-09
C00238,P0072,A005,2026-05-09,2026-05-10
C00239,P0457,A005,2026-05-10,2026-05-12
C00240,P0279,A005,2026-05-11,2026-05-12
C00241,P0302,A005,2026-05-11,2026-05-12
C00242,P0258,A005,2026-05-12,2026-05-13
C00243,P0388,A005,2026-05-12,2026-05-13
C00244,P0290,A005,2026-05-13,2026-05-15
C00245,P0021,A005,2026-05-14,2026-05-16
C00246,P0190,A005,2026-05-14,2026-05-16
C00247,P0470,A005,2026-05-15,2026-05-17
C00248,P0053,A005,2026-05-15,2026-05-17
C00249,P0135,A006,2026-05-01,2026-05-03
C00250,P0335,A006,2026-05-01,2026-05-02
C00251,P0115,A006,2026-05-01,2026-05-03
C00252,P0247,A006,2026-05-02,2026-05-03
C00253,P0226,A006,2026-05-02,2026-05-04
C00254,P0109,A006,2026-05-02,2026-05-03
C00255,P0369,A006,2026-05-02,2026-05-04
C00256,P0083,A006,2026-05-03,2026-05-04
C00257,P0066,A006,2026-05-03,2026-05-04
C00258,P0457,A006,2026-05-03,2026-05-05
C00259,P0445,A006,2026-05-04,2026-05-06
C00260,P0407,A006,2026-05-05,2026-05-07
C00261,P0086,A006,2026-05-05,2026-05-07
C00262,P0306,A006,2026-05-05,2026-05-07
C00263,P0068,A006,2026-05-05,2026-05-07
C00264,P0424,A006,2026-05-05,2026-05-07
C00265,P0308,A006,2026-05-06,2026-05-07
C00266,P0048,A006,2026-05-06,2026-05-07
C00267,P0460,A006,2026-05-06,2026-05-08
C00268,P0190,A006,2026-05-06,2026-05-07
C00269,P0481,A006,2026-05-06,2026-05-07
C00270,P0210,A006,2026-05-07,2026-05-08
C00271,P0296,A006,2026-05-07,2026-05-09
C00272,P0353,A006,2026-05-08,2026-05-09
C00273,P0219,A006,2026-05-08,2026-05-10
C00274,P0290,A006,2026-05-08,2026-05-10
C00275,P0387,A006,2026-05-08,2026-05-10
C00276,P0287,A006,2026-05-09,2026-05-11
C00277,P0296,A006,2026-05-09,2026-05-10
C00278,P0438,A006,2026-05-09,2026-05-11
C00279,P0401,A006,2026-05-09,2026-05-11
C00280,P0403,A006,2026-05-09,2026-05-10
C00281,P0223,A006,2026-05-10,2026-05-12
C00282,P0041,A006,2026-05-10,2026-05-12
C00283,P0315,A006,2026-05-10,2026-05-11
C00284,P0420,A006,2026-05-11,2026-05-12
C00285,P0104,A006,2026-05-11,2026-05-12
C00286,P0402,A006,2026-05-11,2026-05-12
C00287,P0315,A006,2026-05-11,2026-05-12
C00288,P0400,A006,2026-05-12,2026-05-14
C00289,P0301,A006,2026-05-12,2026-05-13
C00290,P0471,A006,2026-05-12,2026-05-14
C00291,P0178,A006,2026-05-12,2026-05-13
C00292,P0207,A006,2026-05-13,2026-05-15
C00293,P0260,A006,2026-05-13,2026-05-15
C00294,P0449,A006,2026-05-13,2026-05-15
C00295,P0495,A006,2026-05-13,2026-05-14
C00296,P0388,A006,2026-05-13,2026-05-14
C00297,P0133,A006,2026-05-14,2026-05-15
C00298,P0212,A006,2026-05-14,2026-05-16
C00299,P0128,A006,2026-05-14,2026-05-16
C00300,P0039,A006,2026-05-14,2026-05-16
C00301,P0350,A006,2026-05-15,2026-05-16
C00302,P0377,A006,2026-05-15,2026-05-16
C00303,P0428,A006,2026-05-15,2026-05-16
